CategoryID,Name
48622,Decoupeerzagen en recipro zaagbladen
52280,Mofkoppeling
79610,Klepafsluiters met lasaansluiting
45335,Klemplaten
31139,Banden
90145,ABS Kunststof fittingen
42278,Overige Slanghaspels
43667,Voorgeïsoleerde toebehoren
56435,Adsorptiematerialen
87065,Rubber beschermringen
58016,Zeskant pasbouten
63472,Haakse polijstmachines
42920,Slangklemmen voor Abraflex-Vacufixx-CP
70907,ANSI / ASME Schuifafsluiter
46874,Slijtvaste slang
61947,Sluitringen met afschuining
12275,Houtschroeven met bolcilinderkop
21213,Air-King (nok 41mm - USA)
86978,Tankbeluchtingsfilter
66394,Kegellager Cup
	